Cuisine,Count,Percentage
North Indian,3960,20.08215426745778
Chinese,2735,13.869871697347735
Fast Food,1986,10.071504640194737
