Has Online delivery,count
No,74.33776567898649
Yes,25.662234321013504
